{"cameraMode":{"drawMode":0,"name":"Shaded","section":"Shading Mode"},"sceneLighting":true,"audioPlay":false,"sceneViewState":{"m_AlwaysRefresh":false,"showFog":true,"showSkybox":true,"showFlares":true,"showImageEffects":true,"showParticleSystems":true,"showVisualEffectGraphs":true,"m_FxEnabled":true},"in2DMode":false,"pivot":{"x":-3.5768444538116457,"y":3.679149866104126,"z":0.5944094657897949},"rotation":{"x":0.10122466832399368,"y":0.003979494795203209,"z":-0.00040527450619265437,"w":0.9948638677597046},"size":6.989306449890137,"orthographic":false}